PR,URL,Title,Content type,Is rendered page,HTTP status code,Organic traffic,Open graph URL,Canonical URL,Canonical URL code,Canonical URL patch,Canonical URL patch status,Is valid Open graph,Open graph attributes,Open graph values,Depth,Is indexable page,No. of all inlinks
37,https://www.monconbuild.com/services/home-additions,Home Additions | Colfax CA,text/html; charset=utf-8,true,200,0,https://www.monconbuild.com,https://www.monconbuild.com/services/home-additions,200,,,true,"og:url
og:image
og:description
og:title
og:type","https://www.monconbuild.com
https://customer-assets.emergentagent.com/job_finish-woodwork/artifacts/rdyxjzid_Untitled%283%29.png
Licensed contractor serving Placer & Nevada Counties with quality finish carpentry and complete construction services. Featured on DIY Network TV.
Monument Construction | Expert Finish Carpentry & General Construction in Colfax CA
website",0,true,11
37,https://www.monconbuild.com/services,Construction Services | Colfax CA,text/html; charset=utf-8,true,200,0,https://www.monconbuild.com,https://www.monconbuild.com/services,200,,,true,"og:url
og:image
og:description
og:title
og:type","https://www.monconbuild.com
https://customer-assets.emergentagent.com/job_finish-woodwork/artifacts/rdyxjzid_Untitled%283%29.png
Licensed contractor serving Placer & Nevada Counties with quality finish carpentry and complete construction services. Featured on DIY Network TV.
Monument Construction | Expert Finish Carpentry & General Construction in Colfax CA
website",0,true,11
37,https://www.monconbuild.com/services/finish-carpentry,Finish Carpentry | Colfax CA,text/html; charset=utf-8,true,200,0,https://www.monconbuild.com,https://www.monconbuild.com/services/finish-carpentry,200,,,true,"og:url
og:description
og:title
og:url
og:image
og:description
og:title
og:type","https://www.monconbuild.com/services/finish-carpentry
Professional finish carpentry services in Colfax and Placer County. Custom trim, molding, and woodwork.
Expert Finish Carpentry in Colfax, CA | Monument Construction
https://www.monconbuild.com
https://customer-assets.emergentagent.com/job_finish-woodwork/artifacts/rdyxjzid_Untitled%283%29.png
Licensed contractor serving Placer & Nevada Counties with quality finish carpentry and complete construction services. Featured on DIY Network TV.
Monument Construction | Expert Finish Carpentry & General Construction in Colfax CA
website",0,true,11
37,https://www.monconbuild.com/contact,Contact Monument Construction,text/html; charset=utf-8,true,200,0,https://www.monconbuild.com,https://www.monconbuild.com/contact,200,,,true,"og:url
og:image
og:description
og:title
og:type","https://www.monconbuild.com
https://customer-assets.emergentagent.com/job_finish-woodwork/artifacts/rdyxjzid_Untitled%283%29.png
Licensed contractor serving Placer & Nevada Counties with quality finish carpentry and complete construction services. Featured on DIY Network TV.
Monument Construction | Expert Finish Carpentry & General Construction in Colfax CA
website",0,true,11
37,https://www.monconbuild.com/about,About Monument Construction,text/html; charset=utf-8,true,200,0,https://www.monconbuild.com,https://www.monconbuild.com/about,200,,,true,"og:url
og:image
og:description
og:title
og:type","https://www.monconbuild.com
https://customer-assets.emergentagent.com/job_finish-woodwork/artifacts/rdyxjzid_Untitled%283%29.png
Licensed contractor serving Placer & Nevada Counties with quality finish carpentry and complete construction services. Featured on DIY Network TV.
Monument Construction | Expert Finish Carpentry & General Construction in Colfax CA
website",0,true,11
37,https://www.monconbuild.com/portfolio,Portfolio | Construction Projects,text/html; charset=utf-8,true,200,0,https://www.monconbuild.com,https://www.monconbuild.com/portfolio,200,,,true,"og:url
og:image
og:description
og:title
og:type","https://www.monconbuild.com
https://customer-assets.emergentagent.com/job_finish-woodwork/artifacts/rdyxjzid_Untitled%283%29.png
Licensed contractor serving Placer & Nevada Counties with quality finish carpentry and complete construction services. Featured on DIY Network TV.
Monument Construction | Expert Finish Carpentry & General Construction in Colfax CA
website",0,true,11
37,https://www.monconbuild.com/services/residential-projects,Residential Construction Projects,text/html; charset=utf-8,true,200,0,https://www.monconbuild.com,https://www.monconbuild.com/services/residential-projects,200,,,true,"og:url
og:image
og:description
og:title
og:type","https://www.monconbuild.com
https://customer-assets.emergentagent.com/job_finish-woodwork/artifacts/rdyxjzid_Untitled%283%29.png
Licensed contractor serving Placer & Nevada Counties with quality finish carpentry and complete construction services. Featured on DIY Network TV.
Monument Construction | Expert Finish Carpentry & General Construction in Colfax CA
website",0,true,11
37,https://www.monconbuild.com/services/custom-woodwork,Custom Woodwork | Colfax CA,text/html; charset=utf-8,true,200,0,https://www.monconbuild.com,https://www.monconbuild.com/services/custom-woodwork,200,,,true,"og:url
og:image
og:description
og:title
og:type","https://www.monconbuild.com
https://customer-assets.emergentagent.com/job_finish-woodwork/artifacts/rdyxjzid_Untitled%283%29.png
Licensed contractor serving Placer & Nevada Counties with quality finish carpentry and complete construction services. Featured on DIY Network TV.
Monument Construction | Expert Finish Carpentry & General Construction in Colfax CA
website",0,true,11
37,https://www.monconbuild.com/services/complete-remodeling,Home Remodeling | Colfax CA,text/html; charset=utf-8,true,200,0,https://www.monconbuild.com,https://www.monconbuild.com/services/complete-remodeling,200,,,true,"og:url
og:image
og:description
og:title
og:type","https://www.monconbuild.com
https://customer-assets.emergentagent.com/job_finish-woodwork/artifacts/rdyxjzid_Untitled%283%29.png
Licensed contractor serving Placer & Nevada Counties with quality finish carpentry and complete construction services. Featured on DIY Network TV.
Monument Construction | Expert Finish Carpentry & General Construction in Colfax CA
website",0,true,11
37,https://www.monconbuild.com/service-areas,Service Areas | Placer County CA,text/html; charset=utf-8,true,200,0,https://www.monconbuild.com,https://www.monconbuild.com/service-areas,200,,,true,"og:url
og:image
og:description
og:title
og:type","https://www.monconbuild.com
https://customer-assets.emergentagent.com/job_finish-woodwork/artifacts/rdyxjzid_Untitled%283%29.png
Licensed contractor serving Placer & Nevada Counties with quality finish carpentry and complete construction services. Featured on DIY Network TV.
Monument Construction | Expert Finish Carpentry & General Construction in Colfax CA
website",0,true,11
37,https://www.monconbuild.com/services/general-construction,General Contracting | Colfax CA,text/html; charset=utf-8,true,200,0,https://www.monconbuild.com,https://www.monconbuild.com/services/general-construction,200,,,true,"og:url
og:image
og:description
og:title
og:type","https://www.monconbuild.com
https://customer-assets.emergentagent.com/job_finish-woodwork/artifacts/rdyxjzid_Untitled%283%29.png
Licensed contractor serving Placer & Nevada Counties with quality finish carpentry and complete construction services. Featured on DIY Network TV.
Monument Construction | Expert Finish Carpentry & General Construction in Colfax CA
website",0,true,11
